uid,body,title,url,newspaper_uid,host,n_tokens_title,n_tokens_body
2d4103557e6510f871a2e07cb3576ec9,"El Tribunal Constitucional alemán ha puesto contra las cuerdas en plena pandemia a las instituciones comunitarias al cuestionar el programa de compra de deuda pública del Banco Central Europeo (BCE), avalado por la justicia europea, al considerar que podría haber excedido las competencias de la UE. En una sentencia publicada este martes, la Corte de Karlsruhe pone en duda la “proporcionalidad” del paquete de estímulos lanzado bajo el mandato de Mario Draghi para apuntalar la zona euro e insta al Bundesbank a dejar de participar en esas compras masivas si el BCE no las justifica. El Constitucional alemán matizó que la sentencia no afecta a las medidas adoptadas por la pandemia, lo cual no evitó la subida de las primas de riesgo de los bonos de España e Italia.",El Constitucional alemán obliga a revisar el programa de compra de deuda del BCE,https://elpais.com/economia/2020-05-05/el-constitucional-aleman-obliga-a-revisar-el-programa-de-compra-de-deuda-del-bce.html,elpais,elpais.com,8,69
93340677f1da1c4077a96a2fa82dccba,"De interpretar a Hanna Montana en Disney Channel en 2006 a ser la portada de la revista de The Wall Street Journal en 2020. Miley Cyrus ha dado un salto brutal en su carrera y a lo largo de estos casi 14 intensos años su estela ha ido agrandándose a pasos agigantados. Bien por su carrera musical, bien por sus escándalos de juventud o bien por los vaivenes en su vida sentimental, pero de lo que no hay duda es de que la que es considerada la precursora del tweking y la protagonista de cualquier Gala MTV ha sabido sacar partido a todo su potencial.",Miley Cyrus llega a la portada del ‘Wall Street Journal’,https://elpais.com/gente/2020-05-05/miley-cyrus-llega-a-la-portada-del-wall-street-journal.html,elpais,elpais.com,7,49
6bf0ff4a0422d10dc7138987982e5a9b,"Hay que peinar canas para haber visto El inmortal, una serie de 1970. Yo tenía diez años y me quedé impresionado por su argumento. El protagonista era un piloto de pruebas llamado Ben Richards que tenía 42 años pero aparentaba la mitad. La enfermedad era para él un concepto aprendido en las enciclopedias, porque en su vida había tenido ni un catarro. Su sangre contenía anticuerpos contra todas las patologías habidas y por haber, lo que le vino muy bien hasta que el presidente de su empresa y otros millonarios recién exhumados...",El inmortal,https://elpais.com/ciencia/2020-05-05/el-inmortal.html,elpais,elpais.com,1,39
72b139de8673b1497e48a6bfe609d1f6,"Hace 30 años, las cárceles de la provincia de Buenos Aires ya tenían el doble de los presos que podían contener, y estos vivían hambrientos y sin atención para el VIH, la tuberculosis o las neumonías. El 25 de abril de 1990, el presidente Carlos Saúl Menem visitó junto al gobernador Antonio Cafiero el emblemático penal de Lisandro Olmos, ubicado a 10 kilómetros de La Plata, capital provincial. Creado en 1939 como modelo, el establecimiento tenía una denuncia ante la Corte Suprema bonaerense porque alojaba a 2.976 reclusos en un sitio para 1.000 y el 90% de ellos no tenía condena.",A 30 años de la peor tragedia carcelaria de la democracia argentina,https://elpais.com/sociedad/2020-05-05/a-30-anos-de-la-peor-tragedia-carcelaria-de-la-democracia-argentina.html,elpais,elpais.com,6,46
e4ed4bc65a9a1d954c7680217b4f22aa,"Gabriele Salvatores (Nápoles, 69 años) vive el confinamiento desde el campo de Lucca, en la Toscana. “El tiempo se alarga y se acorta también. Hay días que no duran nada y otros que no terminan nunca”, dice por teléfono. Su espíritu observador le ha llevado a concebir un proyecto enteramente hecho desde teletrabajo, con un equipo de montadores y estudiantes de escuelas de cine que seleccionan, desde la web y entre los vídeos que les llegan, el material que pueda mejor contar cómo los ciudadanos han vivido la crisis del coronavirus. Se llama Viaggio in Italia (Viaje por Italia) y abordará el período que va desde el principio de la pandemia hasta septiembre, aunque el director, Oscar a la mejor película extranjera en 1992 por Mediterráneo, afirma no saberlo con seguridad.",Un viaje por la vida de la Italia confinada,https://elpais.com/cultura/2020-05-05/gabriele-salvatores-si-lo-seguimos-masacrando-tarde-o-temprano-sera-el-planeta-a-vernos-como-el-virus.html,elpais,elpais.com,4,66
c47f147f2967ba8d921f8bd1daa50587,"En solo 15 días, el panorama político que respaldó la tercera prórroga del estado de alarma ha cambiado drásticamente. El ambiente en aquel pleno del 22 de abril ya fue crispado y anunciaba tormenta, pero la votación recogió 269 votos a favor (PSOE, Unidas Podemos, PP, Cs, PNV, Más País, Coalición Canaria, BNG, Teruel Existe, Nueva Canarias, Compromís, UPN y Partido Regionalista de Cantabria) y solo 60 en contra (Vox, Junts y CUP). Ahora, la coalición gubernamental tiene asegurados 170 apoyos, con los 10 cerrados anoche con Ciudadanos. La indecisión del PP parecía determinante si se decantaba finalmente por el no, algo que parece poco probable. Pero con la alianza con Cs es menos clave. Aunque la votación podría ser muy reñida.",El PP duda entre la abstención y el rechazo pero ya no es decisivo  ,https://elpais.com/espana/2020-05-05/la-indecision-del-pp-deja-muy-abierto-el-voto-en-el-congreso-sobre-el-estado-de-alarma.html,elpais,elpais.com,5,70
c0ce58ecf38b03451a66f60cb96571b2,"Un extravagante interpretando a otro extravagante. Así se podría resumir la participación Nicolas Cage en una serie sobre la vida de Joe Exotic, también conocido como Joseph Allen Schreibvogel y Joseph Allen Maldonado-Passage, un criador de tigres que en las últimas semanas se ha vuelto muy popular gracias al documental de Netflix Tiger King. Esta producción, que superó las 34,3 millones de visualizaciones en sus 10 primeros días según la empresa de medición de audiencias Nielsen, ha mostrado un mundo de traficación, asesinatos, drogas, armas de fuego y disputas que dista mucho de la preocupación por los animales en el que se cimienta el negocio.",La última extravagancia de Nicolas Cage: interpretar al protagonista de ‘Tiger King’,https://elpais.com/gente/2020-05-05/la-ultima-extravagancia-de-nicolas-cage-interpretar-al-protagonista-de-tiger-king.html,elpais,elpais.com,8,54
4475829e070e59efef941b8b754f8802,"Official figures from the Health Ministry released on Tuesday showed that there were 185 coronavirus-related fatalities in the last 24 hours. This is the third day in a row that Spain has recorded fewer than 200 fatalities. On Monday and Tuesday, 164 fatalities were registered.",Daily coronavirus deaths in Spain stabilize: 185 in 24 hours,https://english.elpais.com/spanish_news/2020-05-05/daily-coronavirus-deaths-in-spain-stabilize-185-in-24-hours.html,elpais,english.elpais.com,8,38
705148004eb993bd3bc07d009f435685,"Los países de Latinoamérica, una región donde el brote global de covid-19 llegó casi dos meses después de que China confirmara la existencia del nuevo coronavirus (el primer caso positivo se registró en Brasil el 26 de febrero), se encuentran en distintas fases de evolución del contagio. Cada Gobierno ha ido implementando distintas medidas para reducir el impacto del virus en sus sistemas de salud y en sus economías. El flujo de noticias es vertiginoso, cambia todos los días y puede resultar abrumador navegar la información. Por eso decidimos reunir los enlaces a los artículos esenciales que hemos publicado sobre el coronavirus y a las últimas noticias por país, para que puedas encontrar fácilmente lo que buscas. El resumen se irá actualizando para poder reflejar los cambios en el panorama regional.",Coronavirus en América: todo lo que necesitas saber,https://elpais.com/sociedad/2020-03-27/coronavirus-en-america-todo-lo-que-necesitas-saber.html,elpais,elpais.com,4,70
27e52c0f0e129d277a85b17725ab4a99,"Jesús introduces himself by spreading his arms as if on a cross, before continuing with his game of dominoes. He does not bang the table with the pieces as is often the way. Rather he places his dominoes down quietly, as though troubled. Wearing a turquoise rosary around his neck, this 62-year-old once had a very different life. Between the ages of 23 and 40 he lived in New York. Now he spends his days shuffling around the emergency shelter for rough sleepers in Madrid’s Ifema conference center.",Homeless face uncertainty under Spain’s deescalation: ‘The situation outside is awful’  ,https://english.elpais.com/society/2020-05-05/homeless-face-uncertainty-under-spains-deescalation-the-situation-outside-is-awful.html,elpais,english.elpais.com,12,79
fa173d55e67438ea49e909a740bf048f,En el relato de muchísimas vidas latinoamericanas descuella como hito el motín carcelario....,Venezuela: masacre en la Cárcel de los Llanos,https://elpais.com/opinion/2020-05-04/venezuela-masacre-en-la-carcel-de-los-llanos.html,elpais,elpais.com,4,8
be9668d5267228fd34191ec1fc855c0b,"España tiene 8.000 kilómetros de costa, con las playas como principal atractivo del sector turístico. La incertidumbre sobre cómo se articulará la desescalada preocupa a hoteleros, responsables de hostelería y Ayuntamientos, que con el deseo de dar aire a una temporada que muchos dan por perdida se preparan a tientas a la espera de que el Gobierno concrete cuándo se autorizará el baño y qué medidas sanitarias impondrá. Más allá de las dudas sobre los aforos y el distanciamiento social, la preocupación común es ofrecer confianza al visitante.",La playa se prepara para la desescalada,https://elpais.com/economia/2020-05-05/la-playa-se-prepara-para-la-desescalada.html,elpais,elpais.com,3,44
f4abff96a672dee0144f5dd04ce6d7ac,"Natasha Gregson (Los Ángeles, 49 años) recuerda así el día que murió su madre: “Era la mañana del domingo después de Acción de Gracias. Yo tenía 11 años y había pasado la noche en casa de mi mejor amiga, Tracy. Me despertó el radio despertador con las noticias: habían encontrado el cuerpo de mi madre en la costa de Catalina. Lo próximo que supe es que el chófer de mi padrastro estaba ahí junto con mi niñera. Me llevaban a casa. Había llovido y las calles estaban mojadas. Yo preguntaba: ‘¿Mamá está bien?’. Ellos me consolaban, pero no me decían qué había pasado. Al llegar a casa me metí en la cama de mi madre e intenté calmarme. Me dije que tal vez se había roto la pierna, o algo por el estilo. Entonces volvió mi padrastro. Bajé a la entrada y en cuanto le vi la cara lo supe. Había pasado algo horrible”.",La última muerte de Natalie Wood,https://elpais.com/television/2020-05-05/la-ultima-muerte-de-natalie-wood.html,elpais,elpais.com,4,71
cd02d6bdbb3eb15dee4f040ebddfbc1d,"Los alemanes perdieron la guerra a causa de Hitler, Japón capituló por Hiroshima, el Pacífico fue un escenario de operaciones secundario, los bombardeos aéreos aliados doblegaron a la población alemana, Patton era brillante, Suiza mantuvo su neutralidad, los británicos respaldaron a Churchill antes y durante la contienda, los árabes querían la victoria del Tercer Reich, las Waffen SS fueron los mejores soldados, los italianos una pifia, la marina japonesa un drama… Estas son algunas de las ideas que solemos dar por sentado sobre la Inicia sesión para seguir leyendoSólo con tener una cuenta ya puedes leer este artículo, es gratisRegístrateIniciar SesiónGracias por leer EL PAÍS",Lo que creíamos de la Segunda Guerra Mundial y no es verdad,https://elpais.com/cultura/2020-05-05/lo-que-creiamos-de-la-ii-guerra-mundial-y-no-es-verdad.html,elpais,elpais.com,5,57
b8039ea2bf9a071e331484b68bf7b879,"A Guillermo Gómez Correas, un patinador artístico de 13 años, la cuarentena por la covid-19 no le ha impedido seguir entrenando. Rodeado por el mobiliario del salón de su casa, el joven deportista de Aranjuez (Madrid) ha ofrecido este domingo en sus redes sociales un recital repleto de piruetas de considerable dificultad ayudado únicamente por una pequeña tabla de nailon que sustituye a los patines. La hazaña de Gómez fue parte de un desafío lanzado por un marca comercial que anima a practicar el patinaje en casa.",La impresionante demostración de patinaje artístico de un joven de 13 años confinado,https://elpais.com/videos/2020-05-05/la-impresionante-demostracion-de-patinaje-artistico-de-un-joven-de-13-anos-confinado.html,elpais,elpais.com,7,45
22e30de44c21b1487bf6ad88c7727c3a,"Ya son más de 50 días encerrados. Día y noche en casa, en familia. Pero en ese entorno supuestamente seguro, la Fundación Anar ha atendido desde el pasado 23 de marzo a 1.441 niños y adolescentes que necesitaban ayuda. Las psicólogas detectaron 863 casos graves: casi la mitad de ellos, por violencia padecida por los menores. Más de 400 críos se han conectado en este tiempo al chat de la organización para solicitar auxilio. No en todos los casos el foco está dentro del hogar, aunque estos son especialmente preocupantes. Sara se armó de valor y contó que su padre la insulta, que ella le dice que pare pero él no hace caso. Su nombre es ficticio, para protegerla y salvaguardar su intimidad. Pero su relato no lo es. “Me pega y me toca mis partes íntimas”, decía la niña, de apenas 11 años, a Anar. “Me siento atrapada”.","Violencia durante el confinamiento: “Mi padre me pega y me toca, me siento atrapada”",https://elpais.com/sociedad/2020-05-05/violencia-durante-el-confinamiento-mi-padre-me-pega-y-me-toca-me-siento-atrapada.html,elpais,elpais.com,7,68
0e1b8be197b0eaf6822360e4ac680752,"Las fuerzas de seguridad de Venezuela desbarataron este lunes la operación militar contra Nicolás Maduro realizada el domingo en La Guaira, cerca de Caracas. Con la captura de los capitanes Antonio Sequea, César Pérez Sequea, Jesús Ramos y Adolfo Baduel –hijo del General en Jefe Raúl Baduel, amigo de Chávez, hoy preso por conspiración—y la muerte del capitán Robert Colina, alias pantera, el Gobierno ha neutralizado, al menos de momento, la llamada Operación Gedeón, un movimiento militar con ramificaciones internacionales que planificaba ingresar al país para derrocar al régimen. En la noche, Maduro anunció también la detención de dos ciudadanos estadounidenses, identificados como Luke Denman y Aaron Barry.",Venezuela asegura que ha detenido a dos estadounidenses vinculados a una operación contra Maduro,https://elpais.com/internacional/2020-05-05/maduro-desbarata-la-operacion-militar-en-su-contra.html,elpais,elpais.com,8,67
4efe0ee1781e25c715df88766853ef62,"Érase una vez un país cruzado por el Orinoco, que tuvo la desgracia de atesorar las mayores reservas de crudo pesado del planeta y de ser arrasado por la epidemia de la galbana y la corrupción. En aquel paraíso, a la gente se le pagaba por dormir y se azotaba a los hombres empeñados en trabajar, como en Jauja. Los árboles daban arepas en vez de frutas, y la carne mechada, los frijoles negros y las tajadas fritas de plátano atiborraban las ollas; maracas, cerveza y ron, a capricho. El futuro no importaba porque el subsuelo financiaba la molicie....",Érase una vez,https://elpais.com/opinion/2020-05-04/erase-una-vez.html,elpais,elpais.com,2,50
7f415342c6e9c85e274b0ecdda788694,"Cuando Amirouche Hammar empezó a tener tos seca, fiebre y problemas para respirar, pensó que la gripe le había dado fuerte, pero nada más. Es lo que cualquiera en Bobigny —una de las ciudades de la periferia de París donde vive este pescadero de 43 años de origen argelino—, en la propia capital francesa y en cualquier otro país hubiera pensado a finales de diciembre de 2019, cuando ni siquiera China había notificado los primeros casos del coronavirus que acabaría paralizando el planeta. Hoy el diagnóstico ha cambiado y, de confirmarse, podría provocar un vuelco radical en el estudio de la propagación de la pandemia, puesto que los médicos que lo trataron están convencidos de que lo que tuvo Hammar fue covid-19, en el que sería el primer caso detectado fuera del país asiático. Otros expertos han expresado sus dudas sobre este supuesto positivo. No obstante, la Organización Mundial de la Salud (OMS) ha recomendado que los países que tengan muestras de pacientes con neumonías sospechosas de finales de 2019 las analicen para salir de dudas.","La OMS pide revisar muestras de pacientes, tras detectarse en Francia un supuesto caso de covid-19 de diciembre sin relación con China",https://elpais.com/sociedad/2020-05-05/detectado-en-francia-un-caso-de-covid-19-en-diciembre-en-un-hombre-sin-relacion-con-china.html,elpais,elpais.com,13,80
d6bee3ca6c179c8ebb71f35c809a2357,"Conozco a una mujer y a dos hombres que acaban de cumplir 90 años, aunque al segundo de ellos lo conozco solo de vista. La gran escritora Margo Glantz es la primera persona en quien pensé cuando la fiebre pandémica también subió a México, su país. Margo, la artista de la visitación universal, Margo, a quien ningún viaje amarga, confinada; qué despropósito. A España viene mucho, y en Alicante le rinden culto, lo cual me alegra infinito, como nativo que soy de la provincia....",Los cumpleaños ,https://elpais.com/opinion/2020-05-05/los-cumpleanos.html,elpais,elpais.com,1,43
c7b4090f7eb774a647a71f5517d23e0f,"El Tribunal Regional de Duisburgo, en el estado alemán de Renania del Norte-Westfalia, ha archivado la causa judicial que mantenía abierta por la avalancha humana que en julio de 2010 provocó la muerte de 21 personas en el festival de música techno Loveparade. Entre las víctimas estaban Marta Acosta y Clara Zapater, dos estudiantes de Tarragona, cuyas familias han batallado por mantener vivo el proceso para aclarar responsabilidades en el suceso. Para justificar el archivo, el tribunal alemán razona que el coronavirus ha lastrado el guión previsto del juicio y ha frustrado poder dejarlo visto para sentencia antes de julio, fecha tope para no caer en la prescripción de los hechos. Quedaban tres personas en el banco de los acusados, trabajadores de la empresa organizadora del festival.",La justicia alemana cierra sin sentencia el juicio por la tragedia de Loveparade ,https://elpais.com/internacional/2020-05-05/la-justicia-alemana-cierra-sin-sentencia-el-juicio-por-la-tragedia-de-loveparade.html,elpais,elpais.com,7,67
76b613e29d2c880603fa60acb48decfa,"En un mes, Mariela Sánchez Baca ha pasado de vender productos financieros a empacar desayunos a domicilio. El 19 de marzo, dos días antes de su cumpleaños, esta licenciada en Comunicación de 30 años llegó a la oficina de grandes ventanales en el barrio de Santa Fe, en Ciudad de México. Arreglada y en tacones, como siempre. Le pidieron que subiera a Recursos Humanos. El coronavirus ya llenaba noticieros e intuía lo que le iban a decir: cerraban y ella se iba a la calle. Sin firmar documento alguno, le pusieron un sobre en la mesa: el finiquito de una quincena, algo menos de 10.000 pesos, unos 400 dólares. “¿Y ahora qué hago?”, se preguntó.",La crisis del coronavirus destapa la vulnerabilidad de miles de desempleados en México  ,https://elpais.com/economia/2020-05-05/la-crisis-del-coronavirus-desnuda-la-vulnerabilidad-de-miles-de-desempleados-en-mexico.html,elpais,elpais.com,7,56
c76a73f0b25c9049a5d613aa9a3d0429,"La trama de espionaje descubierta en el Ejército colombiano es incompatible con una institución al servicio de una democracia. Los informes conocidos el pasado viernes documentan el seguimiento de más de 130 personas entre las que se encuentran periodistas, corresponsales extranjeros, opositores, políticos y el mismo jefe de despacho del presidente de la República, Iván Duque. La mera existencia de un aparato militar, por muy reducido que fuera, dedicado a recabar información a través de interceptaciones ilegales cuestiona la reciente gestión de la fuerza terrestre y el control de los procedimientos internos.",Por un Ejército al servicio de la democracia en Colombia,https://elpais.com/opinion/2020-05-05/por-un-ejercito-al-servicio-de-la-democracia-en-colombia.html,elpais,elpais.com,4,48
4b53f9e88f6e85770556994d36411d55,"Faced with growing political opposition to the state of alarm implemented in mid-March to combat the spread of the coronavirus, the Spanish government is seeking to extend its emergency powers by framing an upcoming vote in Congress as a choice between the “state of alarm or chaos.”",Spain’s prime minister gears up for fight to extend state of alarm,https://english.elpais.com/spanish_news/2020-05-04/spains-pm-gears-up-for-fight-to-extend-state-of-alarm.html,elpais,english.elpais.com,13,45
8c19b4c534e2e8ebe88f4103aed5230e,"“Las compras de deuda soberana por parte del BCE son en parte inconstitucionales”, rugía este martes la web del Handelsblatt, la biblia de los negocios en Alemania. La sentencia del Constitucional del martes supone un petardazo inesperado hacia Fráncfort y Luxemburgo, sedes de dos de las instituciones europeas más importantes y con un papel más destacado en la anterior crisis, el BCE y el Tribunal de Justicia de la UE.",Un petardazo de Berlín hacia Europa,https://elpais.com/economia/2020-05-05/un-petardazo-de-berlin-hacia-europa.html,elpais,elpais.com,4,36
96d008cb56839db4606ece1c2722c515,"Estos días tan intensos nos han afectado personalmente a todos de maneras muy diferentes. Han revelado la extraordinaria bondad que existe en la humanidad, al tiempo que han puesto de relieve los peligrosos defectos inherentes a nuestro Gobierno y a nuestra sociedad. Las lecciones que hemos aprendido de nuestros errores durante esta crisis deben inspirar las medidas que tenemos que tomar ahora, decisiones que forjarán el futuro de nuestro mundo a medida que avancemos. Esperemos que las valiosas vidas que hemos perdido y los éxitos empresariales fruto del esfuerzo que han quedado destruidos no ...",Encontrar la verdad en la tragedia,https://elpais.com/opinion/2020-05-05/encontrar-la-verdad-en-la-tragedia.html,elpais,elpais.com,3,45
9c3c00918dfba0dd813c720ce0b7a999,"Desde que comenzó la crisis del coronavirus, EL PAÍS se ha ido adaptando a una situación desconocida. ¿Qué cambios esperan al periodismo, cómo será la relación con los lectores, cuál será la misión de las grandes cabeceras? La directora de EL PAÍS, Soledad Gallego-Díaz, y Montserrat Domínguez conversan sobre los retos del periodismo. Dentro de esa transformación, el diario pone en marcha un modelo de suscripción que quiere ser un pacto de compromiso con los lectores.","Podcast | La directora de EL PAÍS, Soledad Gallego-Díaz, habla con Montserrat Domínguez sobre el periodismo en tiempos del coronavirus",https://elpais.com/sociedad/modelo-de-suscripcion/2020-04-30/podcast-la-directora-de-el-pais-soledad-gallego-diaz-habla-con-montserrat-dominguez-sobre-el-periodismo-en-tiempos-del-coronavirus.html,elpais,elpais.com,10,38
7500be87ae68df5d181e63133c3ea87e,"Una sociedad impulsada por los datos no es el futuro, ya es el presente. Y aunque no siempre veamos esta información, hoy día está cambiando la manera en que los gobiernos y organizaciones toman decisiones que nos afectan a todos. ",¿Pueden los datos solucionar el próximo gran problema? ,https://elpais.com/economia/2020-05-04/pueden-los-datos-solucionar-el-proximo-gran-problema.html,elpais,elpais.com,5,18
0d94b678e9b38b3e0452255b3f7b7aef,"En el puesto de tomates dicen que el 108 ha cerrado porque el dueño murió de coronavirus. “No, es que han bajado las ventas y no podía mantener el negocio”, cuentan sin embargo detrás de las cajas del chiles serranos. El de las cebollas se ajusta el cubrebocas y, casi susurrando, dice que “no era muy limpio” y por eso Sanidad le ha cerrado el puesto. “Lo que pasa es que se asustó porque sí esta habiendo muchos muertitos”, avisan desde el local de papas. Y al final del pasillo, mientras espera su turno para almorzar unos tacos al pastor, otro vendedor de frutas reflexiona estoicamente: “Quién sabe lo que pasó o vaya a pasar con el pinche virus. Al final de cuentas, todos vamos a ir para allá cuando diosito nos llame”.",El virus anda suelto en el gran mercado de Latinoamérica,https://elpais.com/sociedad/2020-05-04/el-virus-anda-suelto-en-el-gran-mercado-de-latinoamerica.html,elpais,elpais.com,6,60
cf94b762a0be7ec5273c44903a7ce74c,"El Gobierno del Reino Unido, liderado por Boris Johnson, se ha propuesto evitar que la realidad de una pandemia global, especialmente inclemente con los británicos, altere la estrategia de la era post-Brexit. Londres y Washington han puesto en marcha este martes la negociación de un futuro tratado comercial que, según los euroescépticos más recalcitrantes, ayudará a paliar las consecuencias negativas del abandono de la UE. El virus ha hecho que la primera ronda se realice a través de videoconferencia. Cada una de las partes ha movilizado a más de 100 expertos y Downing Street promete una “dura discusión” que permita obtener los máximos beneficios posibles para ambas partes. Los dos Gobiernos han manifestado su intención de negociar con un “ritmo acelerado” y dedicar “todos los recursos necesarios para avanzar con velocidad”.",El Reino Unido lanza las negociaciones para un acuerdo comercial con EE UU sin solucionar el Brexit,https://elpais.com/internacional/2020-05-05/el-reino-unido-lanza-las-negociaciones-para-un-acuerdo-comercial-con-ee-uu-sin-solucionar-el-brexit.html,elpais,elpais.com,10,69
f18be489ad10efc17abb3f4d3f7658fd,"A medida que los Estados empiezan a levantar las restricciones, y miles de estadounidenses retoman la ansiada vida normal, la realidad de la pandemia en el país que se ha convertido en su epicentro es la siguiente: casi 1,2 millones de estadounidenses han dado positivo en una prueba de diagnóstico de covid y casi 69.000 han fallecido por el coronavirus; cada jornada se confirman al menos 25.000 casos nuevos, y el 2 de abril fue el último día en que se registraron menos de 1.000 muertes por el virus.",Estados Unidos empieza a reabrir mientras los casos y las muertes siguen creciendo en buena parte del país,https://elpais.com/sociedad/2020-05-05/estados-unidos-empieza-a-reabrir-mientras-los-casos-y-las-muertes-siguen-creciendo-en-buena-parte-del-pais.html,elpais,elpais.com,11,40
5d191031591c68a44698329f9e117cd6,"Brasil empezó la semana con la muerte de Aldir Blanc, el poeta que escribió uno de los más poderosos himnos contra la dictadura militar: “La esperanza equilibrista sabe que el espectáculo de cada artista tiene que continuar”. Fallecido a los 73 por covid-19, el espectáculo de Blanc no ha podido continuar. La esperanza ya ha perdido el equilibrio en Brasil y se desliza hacia el abismo. El país de Aldir Blanc y todo su imaginario han muerto a manos del maníaco que se emborracha con su propia estupidez, estornuda y aprieta la mano de sus seguidores con los dedos pringados. Y luego dice, ante los ...",Brasil está matando Brasil,https://elpais.com/opinion/2020-05-05/brasil-esta-matando-brasil.html,elpais,elpais.com,3,49
8892d102645508923d57b63c07b93a78,"No solo la tos, la fiebre y los ahogos van a ser indicadores de posible coronavirus. “Otros síntomas atípicos como la odinofagia [dolor al tragar], anosmia [pérdida del olfato], ageusia [alteraciones del gusto], dolores musculares, diarreas, dolor torácico o cefaleas, entre otros, pueden ser considerados también síntomas de sospecha de infección” por covid-19, según el documento que acordaron el Ministerio de Sanidad y las comunidades en la reunión del Consejo Interterritorial este lunes. Eso implica, según ese texto, que siempre el médico podrá pedir que se le haga la prueba PCR correspondiente. Pero eso queda a “criterio médico”. En ese momento se le considerará sospechoso y se le aplicarán las medidas de aislamiento acordadas para la detección y control precoz de la enfermedad.","Cefalea, diarrea y dolor torácico o muscular serán síntomas de posible covid-19",https://elpais.com/sociedad/2020-05-05/cefalea-diarrea-y-dolor-toracico-o-muscular-seran-sintomas-de-posible-covid-19.html,elpais,elpais.com,7,67
72038180c820d5a7d22fc036d903cf02,"La tregua no declarada que Israel ha mantenido en Oriente Próximo tras el estallido de la pandemia de coronavirus ya es historia. Los ataques de la aviación israelí contra posiciones de Irán y sus aliados chiíes en Siria se han redoblado desde hace dos semanas. En las últimas horas, la escalada bélica en los cielos del país árabe ha golpeado un estratégico centro de investigación militar en Alepo (norte) y bases de las fuerzas iraníes y de milicias afiliadas libanesas e iraquíes en Deir Ezzor (este), donde perdieron la vida 14 combatientes.",Israel pone fin a la tregua del coronavirus con ataques a Irán y sus aliados en Siria ,https://elpais.com/internacional/2020-05-05/israel-pone-fin-a-la-tregua-del-coronavirus-con-ataques-a-iran-y-sus-aliados-en-siria.html,elpais,elpais.com,9,49
5f77f5d7a50b737d53fa66c72ec785b4,Un documento interno de la Consejería de Sanidad de Madrid revela que los 100.000 test rápidos de coronavirus comprados por la comunidad para los trabajadores sanitarios tienen una fiabilidad mucho menor de lo anunciado por el Gobierno regional.,Los test usados con los sanitarios de Madrid no resultan fiables ,https://elpais.com/sociedad/2020-05-05/los-test-usados-con-los-sanitarios-de-madrid-no-resultan-fiables.html,elpais,elpais.com,6,18
9063f1aabb1bc161875cc553f1f99881,"Neil Ferguson (51 años), el científico que forzó a Boris Johnson a dar un giro en su estrategia contra la pandemia del coronavirus, ha dimitido como miembro del comité que asesora al Gobierno después de que el diario conservador The Daily Telegraph revelara en exclusiva que se había saltado las medidas de confinamiento que él defendió con tanto vigor. Ferguson permitió que su amante, Antonia Staats (38 años), quien vivía con su marido e hijos en otro domicilio, atravesara todo Londres y le visitara al menos en dos ocasiones en su casa después del 23 de marzo, cuando Downing Street había impuesto ya medidas extremas de distanciamiento social.",El asesor científico que forzó el giro de Johnson dimite por saltarse el confinamiento,https://elpais.com/sociedad/2020-05-05/el-asesor-cientifico-que-forzo-el-giro-de-johnson-dimite-por-saltarse-el-confinamiento.html,elpais,elpais.com,8,56
e204ff16476c84d7544159ff7a330e6d,"La desconfianza internacional hacia Pekín por su gestión de la crisis del coronavirus se intensifica conforme pasan las semanas. Un informe del Gobierno estadounidense sostiene que el régimen de Xi Jinping “ocultó intencionalmente la gravedad” de la pandemia, iniciada en la ciudad de Wuhan, mientras reforzaba sus provisiones de material sanitario, acusación que se suma a la de los servicios de inteligencia de otros países. Reino Unido señaló que China tendrá que responder preguntas, una vez superada la debacle.",EE UU cree que China ocultó la gravedad del brote mientras reforzaba sus provisiones de material sanitario,https://elpais.com/internacional/2020-05-05/ee-uu-cree-que-china-oculto-la-gravedad-del-brote-mientras-reforzaba-sus-provisiones-de-material-sanitario.html,elpais,elpais.com,12,44
06e89aa205f75722687cbab9d99b6ec5,"La mayoría con la que Pedro Sánchez fue elegido está mutando, al menos de forma temporal. Para el decreto sobre el estado de alarma, que se vota este miércoles, ERC se cae de ese grupo, y entra Ciudadanos: el Gobierno cerró este martes un pacto con Inés Arrimadas que incluye concesiones políticas —contactos cada semana para consensuar la desescalada— y económicas —acordar ERTEs y ayudas a autónomos cuando acabe la alarma—. El Gobierno también ha negociado cesiones con el PNV para que las decisiones de la desescalada se tomen de forma conjunta con las autonomías. El decreto estaría así garantizado. Incluso si el PP opta por el no, que no ha presentado ninguna enmienda al decreto.",Sánchez pacta con Arrimadas y ofrece cogobernanza a los nacionalistas para salvar el estado de alarma,https://elpais.com/espana/2020-05-05/sanchez-pacta-con-arrimadas-y-ofrece-cogobernanza-a-los-nacionalistas-para-salvar-el-estado-de-alarma.html,elpais,elpais.com,8,55
f390391c0c795e257b82d2a710455e91,"El 19 de enero, un varón de 35 años se presentó en un centro de salud en el condado de Snohomish, en el Estado de Washington, y aseguró que llevaba cuatro días tosiendo y con sensación de fiebre. Estuvo veinte minutos en la sala de espera y después le pasaron a una consulta donde se le examinó. Explicó que había regresado de una visita a su familia en Wuhan, China, el pasado 15 de enero. Al ver una alerta de seguridad sobre el nuevo coronavirus, decidió acudir al médico.",Así se curó el primer paciente de covid-19 en Estados Unidos,https://elpais.com/ciencia/2020-05-05/asi-se-curo-el-primer-paciente-de-covid-19-en-estados-unidos.html,elpais,elpais.com,5,40
ebbbbf807e45044d99117addd557404c,"El club Alumni de Ensenada fue alguna vez un agitado centro de conciertos. En sus paredes pintadas de rojo hay murales con motivos de rock y los restos de un escenario de madera. Una puerta ancha abre a un patio trasero de piso de cemento. La maleza que crece sin control es evidencia del abandono. Hace dos años, un club del trueque resucitó el Alumni como sitio de encuentro del barrio. Estamos a 60 kilómetros de Buenos Aires y aquí funciona uno de los 200 centros que hay en Argentina. Cada martes, un centenar de socios intercambia aquí lo que produce y suma un ingreso extra a casa. Pero las reuniones se cortaron de un día para el otro con la cuarentena decretada el 20 de marzo. Hoy, los socios se resisten a perder el trueque y reinventan el club con herramientas virtuales.","Vuelve el trueque, salvavidas de víctimas de las crisis en Argentina",https://elpais.com/sociedad/2020-05-05/vuelve-el-trueque-salvavidas-de-victimas-de-las-crisis-en-argentina.html,elpais,elpais.com,6,72
ed0c389dbd1895a74a1ef2bc15d45e8f,"Walmart de México y Centroamérica anuncia que a partir del pasado primero de mayo entró en vigor su campaña Los Esenciales, iniciativa que busca asegurar artículos de primera necesidad a sus consumidores en todo el país.","Ante la contingencia sanitaria, Walmart lanza Los Esenciales ",https://elpais.com/economia/2020-05-03/ante-la-contingencia-sanitaria-walmart-lanza-los-esenciales.html,elpais,elpais.com,5,20
a1a93aae26dfdf9dcdd4c73edb52c499,"El duro confinamiento por el coronavirus ha impedido a los españoles salir a pasear o hacer deporte durante casi 50 días. El pasado fin de semana se permitió la actividad física individual y se vieron escenas de gente corriendo por la calzada para evitar hacerlo por aceras estrechas. ¿Es el momento de reabrir los parques urbanos o eso podría causar un rebrote? Mientras los expertos se debaten entre la idoneidad de la medida y la prudencia, varias ciudades están abriendo progresivamente sus zonas verdes, algo que Madrid descarta por el momento.",La controvertida reapertura de los parques urbanos,https://elpais.com/sociedad/2020-05-05/la-controvertida-reapertura-de-los-parques-urbanos.html,elpais,elpais.com,4,49
b4a96db8ad3d25b36346fbc60590de59,"Sobre las dos de la tarde del pasado viernes, Sharmel Teague acudió a una tienda de descuentos Family Dollar en Flint, Michigan. Llevaba mascarilla, como ordena la política estatal, para evitar la propagación del coronavirus. Su hija, en cambio, iba a cara descubierta. Calvin Munerlyn, de 43 años, guardia de seguridad del local, le advirtió a Teague que su hija debía usar mascarilla. Según el relato de la fiscalía entregado este lunes, los dos adultos discutieron y la mujer se marchó. Volvió a los 20 minutos acompañada de su esposo y su hijo. Este último cargaba una pistola y le disparó en la cabeza a Munerlyn, quien murió. Los tres clientes involucrados en la tragedia han sido acusados de asesinato en primer grado.",Asesinado a tiros un guardia de seguridad tras solicitar el uso de la mascarilla en una tienda de Michigan,https://elpais.com/sociedad/2020-05-05/asesinado-a-tiros-un-guardia-de-seguridad-tras-solicitar-el-uso-de-la-mascarilla-en-una-tienda-de-michigan.html,elpais,elpais.com,10,69
b20812c1c5684bf612fc0e11adfdb469,"La Fiscalía General de Colombia interrogará al excomandante del Ejército, Nicacio Martínez Espinel, por la trama de espionaje militar a periodistas, corresponsales, políticos y opositores. El fiscal general, Francisco Barbosa, anunció la noche de este lunes la decisión, que se enmarca una investigación iniciada el pasado enero por “los delitos de violación ilícita de comunicaciones” y “utilización ilícita de equipos transmisores o receptores”. “Debe manifestarse que haber realizado perfilamientos contra personas cercanas al presidente de la República de acuerdo con la información conocida en las últimas horas denota un grave riesgo contra la institucionalidad, la seguridad nacional y el Estado de derecho en Colombia. Este evento se investigará hasta las últimas consecuencias”, afirmó el responsable del ente acusador, en referencia a Jorge Mario Eastman, exsecretario de la Presidencia, y a un asesor del Alto Comisionado para la Paz.",La Fiscalía de Colombia interrogará al exjefe del Ejército por la trama de espionaje militar ,https://elpais.com/internacional/2020-05-04/colombia-retira-el-nombramiento-ante-la-otan-del-exjefe-del-ejercito-en-medio-del-escandalo-de-espionaje.html,elpais,elpais.com,8,78
fdbb974126c8d4173a7e9cef75e15eaf,"Nota a los lectores: EL PAÍS ofrece en abierto la información esencial del coronavirus durante la crisis. Si quieres apoyar nuestro periodismo, suscríbete aquí.","Últimas noticias del coronavirus, en directo | EE UU supera la barrera de los 70.000 muertos por el virus",https://elpais.com/sociedad/2020-05-05/ultimas-noticias-del-coronavirus-en-espana-y-el-mundo-en-directo.html,elpais,elpais.com,10,15
ae887adfda4b005ac9a25009ed9a9bdd,"Un saudí descubre horrorizado que su hijo de 10 años está jugando online con un niño israelí. A partir de ahí, el tercer capítulo de Salida 7, una de las telenovelas que compiten por los espectadores árabes este Ramadán, plantea el delicado asunto de las relaciones con Israel. “El verdadero enemigo es el que da por hecho que estamos de su lado”, afirma uno de los personajes que considera desagradecidos a los palestinos. El inusitado diálogo y el hecho de que la misma cadena de televisión, la saudí MBC, esté emitiendo otra serie con una protagonista judía han llevado a algunos observadores a ver un mensaje en pro de la normalización de relaciones con Israel.",El enemigo en el menú televisivo del Ramadán,https://elpais.com/internacional/2020-05-05/el-enemigo-en-el-menu-televisivo-del-ramadan.html,elpais,elpais.com,4,54
876cfc7d8eea778b01b1a8d78aa27c02,"La aparición de la epidemia de la covid-19, y el riesgo para la salud pública que supone, ha trastocado toda nuestra realidad a una gran velocidad, y el deporte no es ajeno a ello. Si bien es evidente el interés por la reanudación de las competiciones, manifestaciones como la de la plantilla del Eibar evidencian la preocupación de los deportistas por una vuelta precipitada que pueda poner en riesgo la salud, tanto de las personas implicadas como de la población en general....",Salvar el deporte para mañana,https://elpais.com/deportes/2020-05-05/salvar-el-deporte-para-manana.html,elpais,elpais.com,3,36
9e513178edd95f5713b7b73a7611bca2,"El Gobierno británico no tiene otra alternativa que admitir que la cifra de muertes por coronavirus en el Reino Unido ha alcanzado niveles alarmantes, pero pide sin cesar a los medios que eviten las comparaciones con otros países hasta que la pandemia esté globalmente controlada. En estos momentos, dos organismos oficiales presentan cifras con regularidad, que necesitan ser explicadas en su metodología para evitar confusión. Si bien es cierto que, en ambos casos, el número total es el más alto de Europa. La Oficina Nacional de Estadística (ONS, en sus siglas en inglés) acumula todos aquellos casos en Inglaterra y Gales donde el parte de defunción firmado por un profesional sugiera que la covid-19 ha sido un factor influyente en el deceso. Hasta el 2 de mayo, la cifra era de 29.648 fallecidos, que sumados a los de Escocia e Irlanda del Norte, que llevan a cabo su propio recuento, suponía un dato récord de 32.313. Horas después, el ministro de Exteriores, Dominic Raab, anunciaba en la rueda de prensa diaria los números recolectados por el Servicio Nacional de Salud (NHS, en sus siglas en inglés), que acumula aquellos casos en hospitales, residencias y hogares en los que se ha realizado un test y ha dado positivo. La cifra era de 29.427 muertes.",El Reino Unido se convierte en el país con más muertes por coronavirus de Europa ,https://elpais.com/sociedad/2020-05-05/el-reino-unido-se-convierte-en-el-pais-con-mas-muertes-por-coronavirus-de-europa.html,elpais,elpais.com,7,107
66377cd381c28b24a46269dd10f1ea43,"Una raya negra avanza por el desierto al sur de Arizona, metro a metro, millón a millón, para cumplir el sueño de Donald Trump. El presidente de Estados Unidos está decidido a llegar a las elecciones de noviembre con un muro en la frontera con México que pueda enseñar a sus seguidores. Y ahí está, en parte. Para ello, ha utilizado fondos públicos sin autorización del Congreso y ha suspendido todos los requisitos medioambientales. La consecuencia es la amenaza de destrucción del frágil ecosistema de la frontera, según la denuncia de un grupo ecologista del sur de Arizona.",El muro de Trump corta por la mitad la vida en el desierto,https://elpais.com/internacional/2020-05-05/el-muro-de-trump-corta-por-la-mitad-la-vida-en-el-desierto.html,elpais,elpais.com,6,49
afe2f9d59c5e60f3cb18c57e533d86f8,"Marzo y abril, dos de los mejores meses para el mercado laboral español en circunstancias normales, se han convertido en una pesadilla por la epidemia del coronavirus. En ese tiempo, el paro registrado ha subido en casi 600.000 personas (algo más de 300.000 en marzo y 282.291 en abril) y deja la cifra total en 3,89 millones de parados. Y la afiliación a la Seguridad Social ha perdido cerca de un millón de cotizantes (casi 900.000 y 49.071, respectivamente, según las cifras difundidas este martes por los ministerios de Trabajo y Seguridad Social. Las cifras serían peor de no mediar las medidas laborales extraordinarias para amortiguar el golpe: las facilidades para que las empresas puedan aplicar los ERTE y aliviar costes, las prestaciones extraordinarias para los trabajadores afectados por estas medidas de ajuste laboral y la prestación extraordinaria para autónomos por cese de actividad. En total, con ellas se llega a más de 4,5 millones de personas y se amortigua, por ahora, el impacto de del coronavirus.","Las ayudas a 4,5 millones de afectados por los ERTE y autónomos evitan un colapso mayor en el empleo",https://elpais.com/economia/2020-05-05/el-paro-registrado-sube-en-casi-300000-personas-en-abril-y-llega-a-39-millones.html,elpais,elpais.com,9,79
5b8261130972598b5a72a552fd767677,"La mayoría de los lectores recordarán dónde estaban cuando dos aviones chocaron contra las Torres Gemelas de Nueva York el 11 de septiembre de 2001 y cuando recibieron la noticia de que se había producido una oleada de atentados islamistas en Madrid el 11 de marzo de 2004. No todos se acordarán en cambio de la primera vez que oyeron hablar de la aparición de una extraña neumonía vírica en Wuhan, ni de la primera vez que se toparon con la palabra coronavirus, porque era imposible saber que aquella enfermedad, solo aparentemente lejana, iba a cambiar nuestras vidas, nuestra sociedad y nuestro futuro inmediato. Sin embargo, recordarán esta extraña etapa de la pandemia que aisló el mundo.",Historias de la pandemia: la marca que ha dejado en cada vida,https://elpais.com/sociedad/2020-05-05/historias-de-la-pandemia-la-marca-que-ha-dejado-en-cada-vida.html,elpais,elpais.com,6,56
127f662f2e6e8309b2315badb41925b3,"La Corte Suprema de la provincia de Buenos Aires ha frenado las excarcelaciones motivadas por la pandemia de covid-19 que generaron un gran malestar social en las últimas semanas. En un fallo emitido este martes, el máximo tribunal provincial ha suspendido provisionalmente el hábeas corpus colectivo del Tribunal de Casación Penal bonaerense que llevó a los jueces a morigerar las penas de cientos de presos, entre ellos, condenados por crímenes de lesa humanidad, homicidio y violación.",La Justicia argentina suspende las excarcelaciones por la covid-19 en la provincia de Buenos Aires,https://elpais.com/sociedad/2020-05-05/la-justicia-argentina-suspende-las-excarcelaciones-por-la-covid-19-en-la-provincia-de-buenos-aires.html,elpais,elpais.com,7,42
9779dfaec88ec33b8a0ca8711e5cc5e9,"Cuando Araceli murió, sus vecinos organizaron un rosario en su honor en el patio, frente al altar de la virgen de Guadalupe. Lo organizó Minerva, que la conocía desde niña, cuando la vecindad era un pasillo rodeado de cuartos y los baños eran compartidos, igual que la lavandería. “Araceli cocinaba muy bien, me gustaban mucho los sopes que hacía, así gorditos, con salsa roja”, recordaba Minerva la semana pasada.",Se murió la señora que hacía tacos en la puerta ,https://elpais.com/sociedad/2020-05-05/se-murio-la-senora-que-hacia-tacos-en-la-puerta.html,elpais,elpais.com,5,37
adf1c052771d652b8c4f92863a9e21db,"La misma metodología de la investigación que permitió condenar hace 13 años al anestesista Juan Maeso por contagiar a 275 personas con la hepatitis C está empleando el científico Fernando González Candelas para confeccionar ahora el mapa epidemiológico genético del coronavirus en España. En ambos casos se trabaja con una parte de la teoría de la evolución, llamada de la coalescencia, en la que se busca el ancestro común, en términos más coloquiales, “el Adán y Eva de los microorganismos”, explica el catedrático de Genética. Dos grandes pantallas con sendos mapamundis presiden su despacho: uno da cuenta de los contagios y muertes de covid-19 y otro de las secuenciaciones del genoma y su dispersión. “Hoy contamos con herramientas más poderosas: entonces solo trabajábamos con fragmentos del genoma del virus, ahora con el genoma completo, pero conceptualmente no hay diferencias”, comenta sobre el estudio elaborado con su colega Andrés Moya y publicado en la revista BMC Biology que le procuró reconocimiento fuera y dentro del ámbito científico.",“El paciente cero es un estigma que pone la presión en identificar a un culpable”,https://elpais.com/ciencia/2020-05-05/el-paciente-cero-es-un-estigma-que-pone-la-presion-en-identificar-a-un-culpable.html,elpais,elpais.com,7,89
2cb049b2c2f34802d375da78d813b52c,"Gracias a un macharatungo España recuperó la Florida Occidental en 1783, no sin antes poner sitio a la ciudad de Pensacola (EE UU) dos años antes y de sorprender con su genialidad táctica a las defensas británicas del asentamiento fortificado. Los macharatungos no son una tribu india de Estados Unidos que apoyaba a los súbditos de Carlos III, sino el gentilicio de los habitantes del pueblo malagueño de Macharaviaya, localidad donde nació en 1746 Bernardo de Gálvez y Madrid. Gálvez fue un auténtico caballero de la guerra en unos años en que España, Inglaterra, Francia y unos incipientes Estados Unidos se peleaban entre sí, unos por mantener sus posesiones en el continente, y otros por la libertad. Tan exquisito se mostraba el militar andaluz en sus formas, que sus archienemigos le mostraban un enorme respeto. En una ocasión, y antes de atacar Pensacola, y al enterarse de la escasez de alimentos de la guarnición británica que la defendía, les envió 150 barriles de trigo para que no pasasen hambre. Peter Chester, gentlemen y gobernador británico, le dio las gracias, y se lo comieron todo.",La guerra de los ‘gentlemen’,https://elpais.com/cultura/2020-05-04/yo-solo.html,elpais,elpais.com,2,87
7c4cdf9261337bebee5521532ecd3267,"La pandemia ya está afectando a la salud mental de la población y miles de ciudadanos piden ayuda profesional de la única forma que pueden hacerlo por el momento: a través de la tecnología. El uso de las aplicaciones móviles que facilitan ayuda psicológica se ha disparado, según sus promotores: desde el inicio del confinamiento, la app iFeel, con más de 300.000 usuarios, ha notado un incremento en las consultas del 203%, el 90% de ellas procedentes de España. Es un crecimiento que confirman otras apps como TherapyChat, en la que el número de usuarios ha crecido en un 180% solo durante el mes de abril, mientras que las consultas de usuarios que ya la utilizaban se ha duplicado.","Ansiedad, gestión del duelo y problemas de pareja, las consultas más habituales en las ‘apps’ de terapia durante el confinamiento ",https://elpais.com/tecnologia/2020-05-05/ansiedad-gestion-del-duelo-y-problemas-de-pareja-las-consultas-mas-habituales-en-las-apps-de-terapia-durante-el-confinamiento.html,elpais,elpais.com,10,51
27412f30fb55be3f5fa79243ef76d65d,"Nota a los lectores: EL PAÍS ofrece en abierto la información esencial del coronavirus durante la crisis. Si quieres apoyar nuestro periodismo, suscríbete aquí","Coronavirus en América: últimas noticias, en vivo | México registra su cifra más alta de muertes en 24 horas con 236",https://elpais.com/america/sociedad/2020-05-05/coronavirus-en-america-ultimas-noticias-de-la-covid-19-en-vivo.html,elpais,elpais.com,11,15
8e41f62d311aac9d8b9c5009e66b1385,"Al otro lado del teléfono, la voz de Peter Sloterdijk se escucha quebradiza. El gran filósofo alemán explica que no acaba de encontrarse bien hoy, pero en seguida arranca y va hilando las ideas que estructuran en su cabeza el nuevo universo pandémico. En el centro, un concepto que ya alumbró y que ahora cobra nuevo sentido, el de coinmunidad, de compromiso individual dirigido a la protección mutua, que marcará la nueva manera de estar en el mundo, según el autor de Crítica de la razón cínica y de la trilogía Esferas.Inicia sesión para seguir leyendoSólo con tener una cuenta ya puedes leer este artículo, es gratisRegístrateIniciar SesiónGracias por leer EL PAÍS",Peter Sloterdijk. “El regreso a la frivolidad no va a ser fácil”,https://elpais.com/ideas/2020-05-02/peter-sloterdijk-la-supervivencia-es-indiferente-a-las-nacionalidades.html,elpais,elpais.com,7,59
393118f366615587ec3bfbeb2a771da7,"Las autoridades rusas dan visado y permiten la entrada a los extranjeros “con ligereza”, pero “escatiman en la concesión de asilo y crean así una acumulación de inmigrantes irregulares”, que resulta especialmente problemática en las condiciones excepcionales creadas por el coronavirus. Así opina Svetlana Gánnushkina (Moscú, 78 años), defensora de derechos humanos y presidenta de Asistencia Cívica (AC), una ONG rusa que ayuda a las personas encalladas en su travesía hacia una vida mejor.",“Rusia no cumple con la convención de Ginebra sobre los refugiados”,https://elpais.com/internacional/2020-05-05/rusia-no-cumple-con-la-convencion-de-ginebra-sobre-los-refugiados.html,elpais,elpais.com,5,45
213f500df1961649deadadb96f3d88ba,"Los clubes se activan para volver al trabajo. Este martes, un director de partido de LaLiga acudió a la ciudad deportiva del Barça, como ha sucedido en otras instalaciones para velar que en las azulgrana se cumplan las medidas que aseguren o minimicen al máximo el riesgo de contagio. Se trata de asegurarse de que disponen de los accesos para entrar de forma individual, que hay gel hidroalcohólico y medidas para la desinfección, y también acotar el personal que podrá entrar a las instalaciones…",Toque de corneta para el fútbol profesional,https://elpais.com/deportes/2020-05-05/toque-de-corneta-para-el-futbol-profesional.html,elpais,elpais.com,4,38
d7750d76c8ef7858fa76d3c80bae82a4,"A comienzos de la década de los ochenta, cada domingo se colocaba un letrero en la parte superior del estadio de fútbol americano Orange Bowl, en Miami, que rezaba: “Shula es dios”. La tradición abrió un debate en la ciudad. No había consenso sobre si la letra “g” de god [dios] debía ir en mayúsculas o minúsculas, según relata el libro Shula: el entrenador de la generación más grande de la NFL. Donald Shula (1930, Ohio), el hombre que se dedicó a romper marcas durante la mitad de su vida, ha fallecido a los 90 años en su casa en Indian Creek, según informó este lunes la cuenta en Twitter de los Miami Dolphins, el equipo al que llevó a la gloria.","Muere Don Shula, el entrenador detrás de la única temporada perfecta de la NFL",https://elpais.com/deportes/2020-05-05/muere-don-shula-el-entrenador-detras-de-la-unica-temporada-perfecta-de-la-nfl.html,elpais,elpais.com,9,64
5fce49029fed6e39c4bf443551c6e48b,"Los investigadores del Servicio Geológico de EE UU (USGS), en colaboración con la NASA y el Instituto Planetario Lunar, han completado una de las herramientas fundamentales para la exploración lunar: el mapa más completo del satélite natural de la Tierra. Tras el tratamiento de toda la información disponible y más de dos décadas de trabajo, el Mapa Geológico Unificado de la Luna, como se denomina la última cartografía, permite planificar misiones, seleccionar los mejores lugares para alunizajes y asentamientos, identificar futuros yacimientos de recursos y disponer de una guía única de un cuerpo celeste que supone un testigo natural del origen de la Tierra. “Es una herramienta única para la ciencia”, advierte Jesús Martínez Frías, jefe del Grupo de Investigación de Meteoritos y Geociencias Planetarias del CSIC y responsable del Laboratorio de Geociencias de Lanzarote.",El mapa más detallado para explorar la Luna,https://elpais.com/ciencia/2020-05-05/el-mapa-mas-detallado-para-explorar-la-luna.html,elpais,elpais.com,4,76
